"","Variable","Feature","N1","N2","Mean1","Mean2","Beta","SE","P","FDR","FC","FC_lower","FC_upper"
"s__Anaerobutyricum_hallii","Group","s__Anaerobutyricum_hallii",0,3,0,0.0731728,-0.0389810938370019,0.0029495127113155,0.000189382239614532,0.041285328235968,0.973342129483414,0.969449639688375,0.977250248225211
"s__Blautia_faecis","Group","s__Blautia_faecis",0,3,0,0.0243248333333333,-0.0134682121066293,0.00267548293344693,0.00731319433604991,0.565634258474734,0.990707986812138,0.987113471582184,0.994315591256362
"s__GGB9708_SGB15234","Group","s__GGB9708_SGB15234",3,0,0.0857642666666667,0,0.0445601243319459,0.0104231809966519,0.0128977642999706,0.565634258474734,1.03136866851528,1.01686678414602,1.04607736920851
"s__Ruminococcus_sp_AF13_28","Group","s__Ruminococcus_sp_AF13_28",0,3,0,0.0684502333333333,-0.0363146573624453,0.012162903877596,0.0405102880219267,0.565634258474734,0.975142755929878,0.959161762394126,0.991390015453707
"s__Blautia_wexlerae","Group","s__Blautia_wexlerae",0,3,0,0.170657033333333,-0.0849737834918977,0.0300793008644525,0.047586264447153,0.565634258474734,0.942801668258962,0.905050868730156,0.98212710067781
"s__Streptococcus_salivarius","Group","s__Streptococcus_salivarius",0,3,0,0.0224807,-0.0124576647978175,0.00443155959276993,0.0482616904462088,0.565634258474734,0.991402179262874,0.985451297798821,0.997388996536519
"s__Dorea_longicatena","Group","s__Dorea_longicatena",0,3,0,0.0467854333333333,-0.0251837044447542,0.00982099753454525,0.062355479915291,0.565634258474734,0.982695459820352,0.969670931066851,0.995894932819181
"s__Blautia_obeum","Group","s__Blautia_obeum",0,3,0,0.0468243,-0.0252011048978652,0.0099361210303746,0.0642320945803866,0.565634258474734,0.982683607528171,0.969507589961905,0.996038692737335
"s__Faecalibacillus_intestinalis","Group","s__Faecalibacillus_intestinalis",0,3,0,0.0259328333333333,-0.0142748849937821,0.00602699214858529,0.0769472116184481,0.565634258474734,0.990154194178327,0.982079832790104,0.998294940507622
"s__Clostridiaceae_bacterium","Group","s__Clostridiaceae_bacterium",0,2,0,0.003318,-0.00212980489163323,0.000936591855593508,0.0853503134187709,0.565634258474734,0.998524820892179,0.997255081772496,0.999796176686935
"s__Alistipes_communis","Group","s__Alistipes_communis",3,0,0.0156603666666667,0,0.00816968559873961,0.00388743450498644,0.103470666515955,0.565634258474734,1.00567885846775,1.00038152133677,1.01100424667732
"s__Klebsiella_pneumoniae","Group","s__Klebsiella_pneumoniae",2,0,0.1357619,0,0.0673461019950732,0.0338440449157024,0.117464742206428,0.565634258474734,1.04778746076702,1.00070155424208,1.09708889557196
"s__Blautia_sp_Marseille_P3087","Group","s__Blautia_sp_Marseille_P3087",0,2,0,0.00362103333333333,-0.00229425028597462,0.00116114906065851,0.11936792514915,0.565634258474734,0.998411010665266,0.996837258413287,0.999987247471398
"s__Romboutsia_timonensis","Group","s__Romboutsia_timonensis",0,2,0,0.0032311,-0.00208208034911464,0.00106200668921808,0.121482842421799,0.565634258474734,0.998557852771496,0.997118163555069,0.999999620683424
"s__Eggerthella_lenta","Group","s__Eggerthella_lenta",0,2,0,0.00489526666666667,-0.00298768596289782,0.00154110495150076,0.124568325875372,0.565634258474734,0.997931236744993,0.995844057228286,1.0000227907602
"s__Gemmiger_formicilis","Group","s__Gemmiger_formicilis",0,2,0,0.0172035333333333,-0.00961489046243031,0.00497239253405197,0.12528774459952,0.565634258474734,0.993357624539474,0.986669775046603,1.00009080564376
"s__GGB9713_SGB15249","Group","s__GGB9713_SGB15249",2,0,0.00405203333333333,0,0.00189556362222628,0.000993444467486234,0.12903229828019,0.565634258474734,1.00131476813111,0.999964242885524,1.00266711736035
"s__Desulfovibrio_piger","Group","s__Desulfovibrio_piger",3,0,0.00564413333333333,0,0.00276042282176595,0.00146111272212145,0.13186305608259,0.565634258474734,1.00191521097427,0.99992836018123,1.00390600962621
"s__GGB9694_SGB15204","Group","s__GGB9694_SGB15204",2,0,0.0127693333333333,0,0.0066079278740394,0.00351126801151123,0.132985741458109,0.565634258474734,1.00459077202932,0.999809986606222,1.00939441770543
"s__Intestinimonas_massiliensis","Group","s__Intestinimonas_massiliensis",2,0,0.006582,0,0.00327022686407847,0.0017687690488311,0.13817003427682,0.565634258474734,1.00226931954733,0.999863763944254,1.00468066263662
"s__GGB3429_SGB71704","Group","s__GGB3429_SGB71704",0,2,0,0.00132426666666667,-0.00104143468777146,0.000567453495692839,0.140365248103318,0.565634258474734,0.999278392966108,0.998508321712459,1.0000490581154
"s__Blautia_massiliensis","Group","s__Blautia_massiliensis",0,2,0,0.0194001666666667,-0.0107769940921907,0.00595359710947217,0.144519532391812,0.565634258474734,0.992557788358046,0.984561994434001,1.0006185174724
"s__Alistipes_shahii","Group","s__Alistipes_shahii",3,0,0.0173518,0,0.00906115868462644,0.00507287286481531,0.148607113700623,0.565634258474734,1.00630048165324,0.999389058149645,1.01325970213285
"s__GGB34797_SGB14321","Group","s__GGB34797_SGB14321",0,1,0,0.000384566666666667,-0.000527515634915345,0.000297139990731219,0.150504785623663,0.565634258474734,0.9996344208653,0.999230964860432,1.00003803977219
"s__Paraprevotella_clara","Group","s__Paraprevotella_clara",0,1,0,0.000447533333333333,-0.000561960905856977,0.000317074207783528,0.151028223639969,0.565634258474734,0.999610554236216,0.999180047704693,1.0000412462557
"s__Lachnospiraceae_bacterium_Marseille_Q4251","Group","s__Lachnospiraceae_bacterium_Marseille_Q4251",0,1,0,0.000357,-0.000512433526321699,0.000289271639167387,0.151181718128179,0.565634258474734,0.999644871219164,0.99925209263888,1.00003780418993
"s__Streptococcus_parasanguinis","Group","s__Streptococcus_parasanguinis",0,1,0,0.0003532,-0.000510354395501236,0.000288232007197341,0.151327041053416,0.565634258474734,0.999646311852077,0.999254944063639,1.00003783292347
"s__Limosilactobacillus_mucosae","Group","s__Limosilactobacillus_mucosae",0,1,0,0.000472766666666667,-0.000575762719018302,0.000325742119197432,0.151874476652165,0.565634258474734,0.999600991319786,0.999158722793144,1.00004345561257
"s__GGB4642_SGB6421","Group","s__GGB4642_SGB6421",0,1,0,0.000518833333333333,-0.000600956997570792,0.000342434648344765,0.154122033207399,0.565634258474734,0.999583535097089,0.999118616081073,1.00004867045348
"s__Agathobaculum_butyriciproducens","Group","s__Agathobaculum_butyriciproducens",0,2,0,0.0014222,-0.00109488546563414,0.000626011481785466,0.155199875306818,0.565634258474734,0.999241371130958,0.998391898146647,1.0000915668819
"s__Eubacteriaceae_bacterium","Group","s__Eubacteriaceae_bacterium",1,1,0.0001386,0.0005834,-0.000560364675643744,0.000320936999200457,0.155737317829807,0.565634258474734,0.999611660228409,0.99917590966488,1.0000476008271
"s__GGB9342_SGB14306","Group","s__GGB9342_SGB14306",3,0,0.0348282666666667,0,0.0182383387576595,0.0104717078572756,0.156530837016057,0.565634258474734,1.01272209910898,0.998416575866114,1.02723259490559
"s__Lachnospiraceae_bacterium_OF09_6","Group","s__Lachnospiraceae_bacterium_OF09_6",0,1,0,0.000276,-0.000468110084054329,0.000269724304279725,0.157662821776134,0.565634258474734,0.999675583449479,0.999309330500665,1.00004197063223
"s__GGB9559_SGB14969","Group","s__GGB9559_SGB14969",0,1,0,0.000601533333333333,-0.000646177657727635,0.000374786579101623,0.159777532851435,0.565634258474734,0.999552204068944,0.999043388392492,1.00006127888669
"s__Roseburia_hominis","Group","s__Roseburia_hominis",0,1,0,0.000609033333333333,-0.000650278131064598,0.000377850820598605,0.160363808808943,0.565634258474734,0.999549363114189,0.999036389904846,1.00006259971886
"s__Blautia_luti","Group","s__Blautia_luti",0,1,0,0.0006164,-0.000654305617447628,0.000380879495348716,0.160948749535366,0.565634258474734,0.999546572735269,0.999029490280791,1.00006392282375
"s__GGB3256_SGB4303","Group","s__GGB3256_SGB4303",0,2,0,0.0188043333333333,-0.0104500457418371,0.00617807202239616,0.16600581650533,0.565634258474734,0.992782750596401,0.984484865674654,1.00115057554117
"s__Ruminococcus_lactaris","Group","s__Ruminococcus_lactaris",0,2,0,0.0053455,-0.00323030110975986,0.00192854192912959,0.169245660352905,0.565634258474734,0.997763430749969,0.99515265610349,1.00038105474184
"s__GGB35068_SGB47850","Group","s__GGB35068_SGB47850",0,1,0,0.000206,-0.000429797205099748,0.000257821866629668,0.170835506923831,0.565634258474734,0.999702131650661,0.999352028643359,1.00005235730955
"s__Eubacterium_ramulus","Group","s__Eubacterium_ramulus",0,2,0,0.0020163,-0.00141885007472682,0.000863538333476355,0.17571420620801,0.565634258474734,0.999017011521084,0.997845676009345,1.00018972202188
"s__Roseburia_inulinivorans","Group","s__Roseburia_inulinivorans",0,1,0,0.000168566666666667,-0.000409305637196355,0.000253611422764396,0.1818461652297,0.565634258474734,0.999716331193196,0.999371939780442,1.00006084128593
"s__GGB9561_SGB14972","Group","s__GGB9561_SGB14972",0,1,0,0.000166133333333333,-0.000407973514431983,0.000253392658067896,0.1826752853597,0.565634258474734,0.999717254288833,0.999373159578557,1.00006146747454
"s__GGB9715_SGB15260","Group","s__GGB9715_SGB15260",1,0,0.000381333333333333,0,-0.000108255719699068,6.83869913260665e-05,0.188592331953103,0.565634258474734,0.999924965668327,0.999832068544736,1.00001787142324
"s__Phocaeicola_coprocola","Group","s__Phocaeicola_coprocola",0,1,0,0.000360433333333333,-0.000514312018896059,0.000326720220946168,0.190563747540633,0.565634258474734,0.999643569610583,0.99919995448942,1.00008738168369
"s__Collinsella_SGB14754","Group","s__Collinsella_SGB14754",0,1,0,0.000396166666666667,-0.00053386178460717,0.000339291767543123,0.190722722049743,0.565634258474734,0.99963002366732,0.999169349291817,1.00009091044013
"s__GGB36331_SGB63183","Group","s__GGB36331_SGB63183",0,1,0,0.000413633333333333,-0.000543417065147818,0.000345672329229022,0.191038061089822,0.565634258474734,0.999623402923912,0.999154070464934,1.00009295584234
"s__Parabacteroides_goldsteinii","Group","s__Parabacteroides_goldsteinii",0,1,0,0.000316233333333333,-0.000490127229380266,0.000312163288397176,0.191480010509163,0.565634258474734,0.999660327394646,0.99923646613096,1.00008436845398
"s__Alistipes_provencensis","Group","s__Alistipes_provencensis",1,0,0.000342,0,-0.000129776124013879,8.28838080480007e-05,0.19246245834822,0.565634258474734,0.999910050091271,0.999797463230267,1.00002264963065
"s__GGB3345_SGB4425","Group","s__GGB3345_SGB4425",0,1,0,0.0002796,-0.000470080243330601,0.000301037584806601,0.193424321502524,0.565634258474734,0.99967421828309,0.999265454942925,1.00008314883355
"s__GGB4578_SGB6328","Group","s__GGB4578_SGB6328",0,1,0,0.000995133333333333,-0.000861246192150993,0.00055389559143985,0.194946519278351,0.565634258474734,0.999403207781502,0.998651434674341,1.00015554681466
"s__Oscillibacter_sp_ER4","Group","s__Oscillibacter_sp_ER4",2,0,0.0107728,0,0.00553155678027349,0.00356766866531299,0.195966134618686,0.565634258474734,1.00384154286931,0.998987773459605,1.00871889522779
"s__GGB9551_SGB14958","Group","s__GGB9551_SGB14958",1,0,0.000328933333333333,0,-0.000136925836628746,8.83361178449457e-05,0.196061722751745,0.565634258474734,0.999905094746183,0.999785102671324,1.00002510122224
"s__Weissella_confusa","Group","s__Weissella_confusa",0,1,0,0.000240766666666667,-0.000448826939922815,0.000290290502659384,0.196971933088575,0.565634258474734,0.999688945259593,0.999294766141225,1.00008327986479
"s__Mogibacterium_sp_BX12","Group","s__Mogibacterium_sp_BX12",0,2,0,0.00136283333333333,-0.00106207363890603,0.000687825443180023,0.197443695995677,0.565634258474734,0.999264097560762,0.998330763416685,1.00019830427399
"s__Anaerofilum_sp_An201","Group","s__Anaerofilum_sp_An201",1,0,0.0004055,0,-9.50346953342562e-05,6.15537629628037e-05,0.19748414359962,0.565634258474734,0.999934129138454,0.999850513141337,1.00001775212825
"s__Anaerobutyricum_soehngenii","Group","s__Anaerobutyricum_soehngenii",0,1,0,0.0010422,-0.000886947125182131,0.0005769450477564,0.199031857894236,0.565634258474734,0.999385404042389,0.998602373338941,1.00016904874106
"s__GGB9747_SGB15356","Group","s__GGB9747_SGB15356",2,0,0.0098948,0,0.00505653201604309,0.00330273519155484,0.200518479087349,0.565634258474734,1.00351107032793,0.999018411075353,1.00802393339952
"s__Lachnospira_eligens","Group","s__Lachnospira_eligens",0,1,0,0.0006081,-0.000649767854955336,0.000424805213712241,0.200861337743387,0.565634258474734,0.999549716651309,0.99897301598184,1.00012675024635
"s__Senegalimassilia_anaerobia","Group","s__Senegalimassilia_anaerobia",1,1,0.000281933333333333,0.0007699,-0.000583850585247599,0.000383788825220383,0.202836321185817,0.565634258474734,0.999595387490695,0.999074330910595,1.00011671582231
"s__Bacteroides_eggerthii","Group","s__Bacteroides_eggerthii",0,1,0,0.001188,-0.000966538817243613,0.000649589075377661,0.210989526491264,0.565634258474734,0.999330270712768,0.998448739555385,1.00021258017469
"s__Collinsella_aerofaciens","Group","s__Collinsella_aerofaciens",2,2,0.000977733333333333,0.0293143333333333,-0.0154093121737378,0.0103641117736393,0.21127102492556,0.565634258474734,0.989375917209687,0.975542768921458,1.00340521885752
"s__Clostridiales_bacterium_KLE1615","Group","s__Clostridiales_bacterium_KLE1615",0,1,0,0.000363533333333333,-0.000516008116946623,0.000348898220379763,0.213235371642625,0.565634258474734,0.999642394384728,0.999168674048834,1.00011633931829
"s__Clostridium_sp_1001270H_150608_G6","Group","s__Clostridium_sp_1001270H_150608_G6",0,1,0,0.00122786666666667,-0.000988295846771746,0.00066972182249362,0.214064532923918,0.565634258474734,0.999315200102802,0.998406373738956,1.00022485375039
"s__Coprobacillus_sp_AF33_1AC","Group","s__Coprobacillus_sp_AF33_1AC",0,1,0,0.000262866666666667,-0.00046092247087921,0.000313221016583592,0.215110680517273,0.565634258474734,0.999680563919426,0.999255258148338,1.00010605071032
"s__Anaerostipes_hadrus","Group","s__Anaerostipes_hadrus",0,3,0,0.0477278,-0.0253106248451638,0.0172087934531551,0.215304175214515,0.565634258474734,0.982609011463911,0.95990273965809,1.00585239474782
"s__Mediterraneibacter_sp_gm002","Group","s__Mediterraneibacter_sp_gm002",0,1,0,0.00127376666666667,-0.00101334232653766,0.000693020023009924,0.217499980699324,0.565634258474734,0.999297851245305,0.998357439949171,1.00023914836987
"s__Ligilactobacillus_salivarius","Group","s__Ligilactobacillus_salivarius",0,1,0,0.000217666666666667,-0.000436183243277358,0.00029912071933074,0.218529383055691,0.565634258474734,0.999697706514601,0.999291535914817,1.0001040422059
"s__Hungatella_hathewayi","Group","s__Hungatella_hathewayi",1,0,0.000262466666666667,0,-0.000173298862893045,0.000118893147527232,0.218688661864873,0.565634258474734,0.999879885596104,0.999718393558338,1.00004140372089
"s__Clostridia_bacterium","Group","s__Clostridia_bacterium",0,1,0,0.0008776,-0.000797050864656772,0.000549774193754068,0.220720649224834,0.565634258474734,0.999447679025816,0.998701464380953,1.00019445123099
"s__GGB9762_SGB15377","Group","s__GGB9762_SGB15377",1,0,0.000252766666666667,0,-0.00017860766879061,0.000123616707511603,0.22201039010036,0.565634258474734,0.999876206261029,0.999708299389178,1.00004414133382
"s__Blautia_SGB4815","Group","s__Blautia_SGB4815",0,2,0,0.00170116666666667,-0.00124674175391238,0.000863705631967378,0.222370443327534,0.565634258474734,0.999136197760526,0.997964495680507,1.00030927552652
"s__Waltera_intestinalis","Group","s__Waltera_intestinalis",0,1,0,0.0001037,-0.000373791204615115,0.000262786799456219,0.227978950325946,0.565634258474734,0.999740941241919,0.999384083573747,1.00009792633597
"s__Dorea_sp_AF36_15AT","Group","s__Dorea_sp_AF36_15AT",0,1,0,0.0014715,-0.00112120118473271,0.000794566470966801,0.231052576777632,0.565634258474734,0.99922314446859,0.998145092074145,1.00030236121978
"s__Bacteroides_ovatus","Group","s__Bacteroides_ovatus",0,1,0,6.37e-05,-0.00035188780223297,0.000250516220066108,0.232817012499103,0.565634258474734,0.999756119705644,0.999415917166055,1.00009643805064
"s__Bifidobacterium_longum","Group","s__Bifidobacterium_longum",0,2,0,0.0177172,-0.00984494943935025,0.0071092418759089,0.23834220577909,0.565634258474734,0.993199231662252,0.983652700543271,1.00283841362879
"s__GGB9293_SGB14250","Group","s__GGB9293_SGB14250",2,0,0.0043547,0,0.00205911921312991,0.00148898101692816,0.2388795179858,0.565634258474734,1.00142829171542,0.999404567349608,1.00345611398157
"s__Blautia_glucerasea","Group","s__Blautia_glucerasea",0,1,0,0.0016446,-0.00121557086351369,0.000884639643135294,0.241382502746917,0.565634258474734,0.999157785345208,0.997957675342195,1.00035933855975
"s__Streptococcus_mitis","Group","s__Streptococcus_mitis",0,1,0,9.26666666666667e-05,-0.000367749778565468,0.000268263815345094,0.242307035922077,0.565634258474734,0.999745127763284,0.999380832279114,1.00010955604088
"s__Ruminococcus_bromii","Group","s__Ruminococcus_bromii",0,1,0,0.0012871,-0.00102061734843046,0.000755006084082986,0.247823391964159,0.565634258474734,0.999292812137795,0.998268335563073,1.00031834008539
"s__Clostridium_perfringens","Group","s__Clostridium_perfringens",0,1,0,0.00181233333333333,-0.00130696826366573,0.000972652823424191,0.250201612019467,0.565634258474734,0.999094488855835,0.99777514184506,1.00041558042454
"s__Amedibacillus_dolichus","Group","s__Amedibacillus_dolichus",0,1,0,6.82e-05,-0.000354352066187158,0.000263882948955214,0.250460928128017,0.565634258474734,0.999754412026062,0.999396061253612,1.00011289129139
"s__Coprococcus_catus","Group","s__Coprococcus_catus",0,1,0,0.00183286666666667,-0.00131815367393043,0.000983466467482777,0.251208767108774,0.565634258474734,0.999086742770825,0.997752747820062,1.00042252127221
"s__GGB33469_SGB15236","Group","s__GGB33469_SGB15236",1,0,0.000151533333333333,0,-0.000234021843528079,0.000174937192508132,0.251971212362816,0.565634258474734,0.999837801574556,0.999600204203962,1.00007545542024
"s__Comamonas_kerstersii","Group","s__Comamonas_kerstersii",2,0,0.0544147,0,0.0278839650983172,0.0208487829065404,0.252063264774205,0.565634258474734,1.01951568080374,0.991043542788087,1.04880580774538
"s__Lachnospiraceae_bacterium","Group","s__Lachnospiraceae_bacterium",0,2,0,0.00431093333333333,-0.00266547480424318,0.00201297962305224,0.256051303726241,0.565634258474734,0.998154139354659,0.995428145888144,1.00088759799122
"s__Faecalimonas_umbilicata","Group","s__Faecalimonas_umbilicata",0,1,0,0.00116303333333333,-0.000952912066137346,0.000723906869654519,0.258418996754548,0.565634258474734,0.999339709775632,0.998357365240596,1.0003230208992
"s__Mediterraneibacter_butyricigenes","Group","s__Mediterraneibacter_butyricigenes",0,1,0,2.54e-05,-0.00033091283156229,0.000252651244025774,0.260434992003691,0.565634258474734,0.999770655007376,0.999427548601627,1.00011387920256
"s__Akkermansia_muciniphila","Group","s__Akkermansia_muciniphila",3,0,0.0277393333333333,0,0.0144521705565741,0.0110377114188757,0.26056301602336,0.565634258474734,1.01006782420249,0.995034364251846,1.02532841692986
"s__GGB51960_SGB72480","Group","s__GGB51960_SGB72480",1,0,0.0001127,0,-0.000255283309219987,0.000195222998592482,0.261084689216804,0.565634258474734,0.999823066748504,0.999557925026652,1.00008827880158
"s__Ruminococcus_bicirculans","Group","s__Ruminococcus_bicirculans",0,1,0,2.1e-05,-0.000328503020032086,0.00025300677320459,0.26395047223379,0.565634258474734,0.999772324979751,0.999428735265969,1.0001160328149
"s__GGB9760_SGB15374","Group","s__GGB9760_SGB15374",2,0,0.0132522,0,0.00684422070032591,0.00527345906052494,0.264116905610435,0.565634258474734,1.00475532311368,0.997582623625179,1.01197959488976
"s__Ruthenibacterium_lactatiformans","Group","s__Ruthenibacterium_lactatiformans",3,0,0.0127688666666667,0,0.00658005132695956,0.00510441749839192,0.266863359280385,0.565634258474734,1.00457136096142,0.997629058466729,1.01156197356048
"s__GGB34228_SGB72916","Group","s__GGB34228_SGB72916",1,0,7.75333333333333e-05,0,-0.000274539391120493,0.000213759155930748,0.268361941126761,0.565634258474734,0.999809721900267,0.999519412863848,1.00010011525654
"s__GGB9787_SGB15410","Group","s__GGB9787_SGB15410",1,0,7.03666666666667e-05,0,-0.00027846386547145,0.000217552248443686,0.26974266954653,0.565634258474734,0.999807002183236,0.999511543264452,1.00010254844065
"s__GGB4386_SGB6036","Group","s__GGB4386_SGB6036",0,1,0,2e-05,-0.000327955331157457,0.00025708267218909,0.271114930295883,0.565634258474734,0.999772704522391,0.999423580466844,1.00012195053584
"s__Cloacibacillus_SGB15503","Group","s__Cloacibacillus_SGB15503",2,0,0.0012632,0,0.00037392435423963,0.000294065443384586,0.272431688980862,0.565634258474734,1.00025921820312,0.999859686416111,1.00065890963817
"s__Phocaeicola_dorei","Group","s__Phocaeicola_dorei",0,1,0,8.13333333333333e-06,-0.000321455964414321,0.000254174729473283,0.274643388644058,0.565634258474734,0.999777208526299,0.999432031285598,1.00012250498204
"s__Lacrimispora_celerecrescens","Group","s__Lacrimispora_celerecrescens",0,2,0,0.00529653333333333,-0.00319820734965837,0.00254072699963551,0.276567447683957,0.565634258474734,0.997785626942134,0.994347456074999,1.00123568602685
"s__GGB3363_SGB4448","Group","s__GGB3363_SGB4448",0,1,0,0.0019188,-0.00136495790846666,0.00108537109075046,0.276952248394076,0.565634258474734,0.999054330701476,0.997582259781173,1.0005285738665
"s__Lachnospiraceae_bacterium_NSJ_46","Group","s__Lachnospiraceae_bacterium_NSJ_46",0,1,0,0.00259406666666667,-0.00173232996724622,0.00138803155824922,0.280082329792542,0.565634258474734,0.998799960990791,0.996918262782196,1.00068521093304
"s__GGB9345_SGB14311","Group","s__GGB9345_SGB14311",2,0,0.0122251666666667,0,0.00629341675387643,0.00505185668741639,0.280836384345217,0.565634258474734,1.00437179260326,0.997502095816519,1.01128880030207
"s__Dorea_formicigenerans","Group","s__Dorea_formicigenerans",0,3,0,0.0149713666666667,-0.00837106922963108,0.00677536526909365,0.284242178655677,0.565634258474734,0.994214418278059,0.985104865846463,1.00340820940178
"s__Clostridiaceae_bacterium_Marseille_Q4149","Group","s__Clostridiaceae_bacterium_Marseille_Q4149",2,0,0.128169733333333,0,0.0610662213099997,0.049697292517603,0.28650764820567,0.565634258474734,1.04323647814772,0.975125307505384,1.11610512101496
"s__Fusicatenibacter_saccharivorans","Group","s__Fusicatenibacter_saccharivorans",0,2,0,0.0284216333333333,-0.01537691423152,0.0125653214208648,0.288198135053006,0.565634258474734,0.989398135421297,0.972651614061729,1.00643298815624
"s__GGB6547_SGB9247","Group","s__GGB6547_SGB9247",1,0,8.86666666666667e-06,0,-0.000312144799874495,0.000257228793330258,0.291695294432724,0.565634258474734,0.999783661116672,0.999434334831744,1.00013310949952
"s__Ruminococcus_torques","Group","s__Ruminococcus_torques",0,2,0,0.0344294333333333,-0.0184274571632381,0.0152304172771658,0.292923880357129,0.565634258474734,0.987308287813214,0.967089237711296,1.00795006000848
"s__Eubacterium_sp_OM08_24","Group","s__Eubacterium_sp_OM08_24",0,1,0,0.0024781,-0.00166929201585683,0.00138304075908197,0.293936346406624,0.565634258474734,0.998843604087343,0.996968583422391,1.00072215114475
"s__Mailhella_massiliensis","Group","s__Mailhella_massiliensis",1,0,1.15666666666667e-05,0,-0.000310665994294582,0.000258405468191245,0.295572679228209,0.565634258474734,0.999784685925362,0.999433761592901,1.00013573347548
"s__Parabacteroides_bouchesdurhonensis","Group","s__Parabacteroides_bouchesdurhonensis",1,0,1.39333333333333e-05,0,-0.000309369767155848,0.000259113654437025,0.298460674812525,0.565634258474734,0.999785584208498,0.99943369798562,1.00013759432545
"s__Faecalibacillus_faecis","Group","s__Faecalibacillus_faecis",0,1,0,0.00344056666666667,-0.00219181809335498,0.00184186282580829,0.299847434150144,0.565634258474734,0.998481900948202,0.995986526300189,1.00098352758303
"s__Alistipes_onderdonkii","Group","s__Alistipes_onderdonkii",2,0,0.0370247,0,0.019122948180965,0.0161108710576819,0.300918452388467,0.565634258474734,1.01334325479239,0.991404450905545,1.03576754279779
"s__Marseilla_massiliensis","Group","s__Marseilla_massiliensis",1,0,1.68666666666667e-05,0,-0.00030776318854444,0.000259291748629775,0.300926020284009,0.565634258474734,0.99978669756578,0.999434569134666,1.00013895006148
"s__Blautia_sp_MSK_20_85","Group","s__Blautia_sp_MSK_20_85",0,1,0,0.00363996666666667,-0.00229988620471313,0.00194898557523083,0.303367426446932,0.565634258474734,0.998407110359121,0.995766994533986,1.0010542260262
"unclassified","Group","unclassified",3,3,0.155795133333333,0.0504599333333333,0.0488212621877825,0.0415321834340039,0.304984434515903,0.565634258474734,1.03441941769217,0.977669114594617,1.09446387916456
"s__Prevotellamassilia_timonensis","Group","s__Prevotellamassilia_timonensis",1,0,2.12e-05,0,-0.000305389859645607,0.000261316241001918,0.307438237367931,0.565634258474734,0.999788342282471,0.999433464414995,1.00014334615964
"s__GGB9634_SGB15095","Group","s__GGB9634_SGB15095",2,0,0.0435365666666667,0,0.0223277168124972,0.0191822734256212,0.30912794207413,0.565634258474734,1.01559677355416,0.989471775867636,1.04241154887837
"s__GGB9530_SGB14930","Group","s__GGB9530_SGB14930",1,0,2.4e-05,0,-0.000303856340457195,0.000261179429409475,0.309336284243827,0.565634258474734,0.999789405012555,0.99943471253069,1.00014422337233
"s__GGB13493_SGB15238","Group","s__GGB13493_SGB15238",1,0,2.71333333333333e-05,0,-0.000302140274732564,0.000263145616033421,0.31488829289644,0.565634258474734,0.999790594248881,0.999433231656339,1.00014808462187
"s__Bilophila_wadsworthia","Group","s__Bilophila_wadsworthia",1,0,3.01666666666667e-05,0,-0.000300478992428679,0.000262847145369796,0.316739061173922,0.565634258474734,0.999791745521556,0.999434787781067,1.00014883075293
"s__Butyricicoccus_SGB14990","Group","s__Butyricicoccus_SGB14990",1,0,3.34333333333333e-05,0,-0.000298689936083468,0.000263743821987481,0.320708914240857,0.565634258474734,0.999792985343434,0.999434809651477,1.00015128939777
"s__GGB9534_SGB14937","Group","s__GGB9534_SGB14937",1,0,3.81333333333333e-05,0,-0.000296115916384171,0.000265049787367867,0.326478021332741,0.565634258474734,0.999794769150172,0.999434819576967,1.00015484836034
"s__GGB3052_SGB4053","Group","s__GGB3052_SGB4053",2,0,0.0028536,0,0.00124034081050451,0.0011190653094376,0.329854910133502,0.565634258474734,1.00086010841702,0.999339630026392,1.00238290018987
"s__Eubacterium_rectale","Group","s__Eubacterium_rectale",0,1,0,0.00704326666666667,-0.00413456560872288,0.00377584613005555,0.335024121787424,0.565634258474734,0.997138240169233,0.992036271841763,1.00226644753811
"s__GGB3653_SGB4964","Group","s__GGB3653_SGB4964",0,1,0,0.00751843333333333,-0.00438926193558422,0.00403001860725916,0.337313837339662,0.565634258474734,0.996962218887327,0.991518710037194,1.00243561299157
"s__Phocaeicola_vulgatus","Group","s__Phocaeicola_vulgatus",2,0,0.0038826,0,0.00180158424261321,0.00165583014155944,0.337751776948906,0.565634258474734,1.00124954306753,0.99899970503874,1.00350444793581
"s__Bacteroides_uniformis","Group","s__Bacteroides_uniformis",2,1,0.00880103333333333,0.00137556666666667,0.00371248850017083,0.00341618999917482,0.338258617339595,0.565634258474734,1.00257661471745,0.997934309384605,1.00724051565895
"s__Ruminococcus_sp_AF41_9","Group","s__Ruminococcus_sp_AF41_9",0,1,0,0.00841,-0.00486619811883784,0.00450613295517428,0.340950332948365,0.565634258474734,0.996632690639327,0.990550052383844,1.00275268035227
"s__Dorea_sp_AF24_7LB","Group","s__Dorea_sp_AF24_7LB",0,1,0,0.00897383333333333,-0.00516717424587169,0.00480667431676395,0.342896137066911,0.565634258474734,0.996424794062599,0.989939143998948,1.00295293528038
"s__Alistipes_indistinctus","Group","s__Alistipes_indistinctus",1,0,5.05e-05,0,-0.000289343314506306,0.000270609044237423,0.34519746012896,0.565634258474734,0.999799462607648,0.999431962975236,1.0001670973728
"s__Alistipes_putredinis","Group","s__Alistipes_putredinis",3,1,0.0240784666666667,0.000746766666666667,0.0120768959354234,0.0113198564780244,0.346139893283594,0.565634258474734,1.0084062017153,0.99301676313777,1.02403414061681
"s__Flavonifractor_plautii","Group","s__Flavonifractor_plautii",1,0,5.42666666666667e-05,0,-0.000287280550369752,0.000269671363840621,0.346773414029429,0.565634258474734,0.999800892121087,0.999434665145257,1.00016725329498
"s__Faecalicatena_fissicatena","Group","s__Faecalicatena_fissicatena",0,1,0,0.0119100333333333,-0.0067265580507132,0.00636446355437954,0.350164556271216,0.565634258474734,0.995348357807699,0.986779119573336,1.00399201172685
"s__Coprococcus_comes","Group","s__Coprococcus_comes",0,1,0,0.0145816333333333,-0.00813393523056489,0.00777095076714017,0.354312316598789,0.565634258474734,0.994377849503143,0.983935057093752,1.0049314743425
"s__GGB9468_SGB14861","Group","s__GGB9468_SGB14861",1,1,0.000601433333333333,0.0015661,-0.000843658946513758,0.000810098121742247,0.356481147091769,0.565634258474734,0.999415391130264,0.998316065821752,1.0005159269934
"s__GGB9176_SGB14114","Group","s__GGB9176_SGB14114",1,0,6.32666666666667e-05,0,-0.000282351916270075,0.000274852680201376,0.362346225892406,0.565634258474734,0.999804307715545,0.999431044295739,1.00017771054025
"s__Collinsella_intestinalis","Group","s__Collinsella_intestinalis",0,1,0,0.0199121,-0.010909974383599,0.0106388957413397,0.363100660056303,0.565634258474734,0.992466303645568,0.978224694522333,1.00691525105371
"s__Ruminococcus_gnavus","Group","s__Ruminococcus_gnavus",0,1,0,0.0210194333333333,-0.0114814021990401,0.0112101721664576,0.363638697266333,0.565634258474734,0.99207328187969,0.977078689658319,1.00729798637171
"s__Alistipes_sp_AF17_16","Group","s__Alistipes_sp_AF17_16",2,0,0.00270283333333333,0,0.00115974992126311,0.00115104826938297,0.370667626250993,0.565634258474734,1.0008042005841,0.999240388148627,1.00237046038796
"s__Bifidobacterium_pseudocatenulatum","Group","s__Bifidobacterium_pseudocatenulatum",0,1,0,0.0955087666666667,-0.0463157997136358,0.0460065597215676,0.371024883391222,0.565634258474734,0.968406186092475,0.909730636061593,1.0308661752034
"s__Intestinimonas_gabonensis","Group","s__Intestinimonas_gabonensis",1,0,7.20666666666667e-05,0,-0.000277532936016731,0.000277842397180813,0.374379415349143,0.565634258474734,0.999807647330035,0.999430323233827,1.00018511388087
"s__Evtepia_gabavorous","Group","s__Evtepia_gabavorous",1,1,0.000583,0.0037008,-0.00201379977150375,0.00202531821763982,0.376349584081422,0.565634258474734,0.998605114125099,0.995861195443418,1.00135659318745
"s__Escherichia_coli","Group","s__Escherichia_coli",2,1,0.0174635,0.0017609,0.00808641849970368,0.00814736236882187,0.377124424893905,0.565634258474734,1.00562081602482,0.994551227230965,1.01681361194237
"s__GGB3304_SGB4365","Group","s__GGB3304_SGB4365",1,0,0.0171886,0,0.00886288207066067,0.00893111902264662,0.377193707253173,0.565634258474734,1.00616219037462,0.994027650784444,1.01844486171038
"s__GGB9425_SGB14795","Group","s__GGB9425_SGB14795",2,1,0.000551566666666667,0.00233536666666667,-0.00128979121665888,0.00130196127725349,0.377932854196516,0.565634258474734,0.999106384367136,0.997340723466102,1.00087517113914
"s__GGB9715_SGB15267","Group","s__GGB9715_SGB15267",1,0,0.0765043333333333,0,0.0374061404058357,0.037838374741245,0.378833274257657,0.565634258474734,1.02626701431253,0.9748437645914,1.08040285317658
"s__GGB9480_SGB14874","Group","s__GGB9480_SGB14874",1,0,7.79666666666667e-05,0,-0.000274302100027026,0.000279875403028714,0.382535682344357,0.565634258474734,0.999809886346636,0.999429800998843,1.00019011624172
"s__GGB4569_SGB6312","Group","s__GGB4569_SGB6312",1,0,0.0414395666666667,0,0.0210765402113876,0.021529020777069,0.383019274765141,0.565634258474734,1.01471637954195,0.985467132064631,1.04483376198812
"s__GGB9059_SGB13976","Group","s__GGB9059_SGB13976",1,0,0.0371931,0,0.0189960242377308,0.0194486215012889,0.384008579147985,0.565634258474734,1.01325410784131,0.986832220470397,1.04038342664562
"s__Roseburia_faecis","Group","s__Roseburia_faecis",1,1,0.0006862,0.0064584,-0.00344511897015929,0.00355407026625487,0.387264606223195,0.565838878662234,0.997614874442063,0.992809553535129,1.00244345369591
"s__GGB9347_SGB14313","Group","s__GGB9347_SGB14313",1,0,0.00380803333333333,0,0.00175692063025523,0.00182582477309094,0.39041030897069,0.565838878662234,1.00121854640643,0.998738093480237,1.00370515975322
"s__GGB9602_SGB15028","Group","s__GGB9602_SGB15028",1,0,0.00353166666666667,0,0.00160719675676735,0.00167617580800358,0.391934269165125,0.565838878662234,1.00111464465567,0.998837500517744,1.00339698021405
"s__Alistipes_finegoldii","Group","s__Alistipes_finegoldii",2,0,0.00279503333333333,0,0.00120923553260602,0.00127326556400129,0.396037181054816,0.56800069388125,1.00083852956957,0.999108757138959,1.00257129678192
"s__GGB9636_SGB15107","Group","s__GGB9636_SGB15107",1,0,0.0129671,0,0.00665070751436406,0.00710540321038741,0.402260781601865,0.572444958861525,1.00462056118632,0.99496943823831,1.01436529924509
"s__Dysosmobacter_welbionis","Group","s__Dysosmobacter_welbionis",1,0,9.46333333333333e-05,0,-0.000265175753544501,0.000285737391038587,0.405916552874089,0.572444958861525,0.999816211065334,0.999428163923405,1.000204408874
"s__Vescimonas_coprocola","Group","s__Vescimonas_coprocola",1,0,0.00998503333333333,0,0.00507171405495481,0.0055079766705498,0.40926558625686,0.572444958861525,1.00352163071932,0.996040341043768,1.01105911259202
"s__GGB9635_SGB15106","Group","s__GGB9635_SGB15106",1,0,0.00939483333333333,0,0.0047575799377264,0.00521347625909001,0.413102370565276,0.572444958861525,1.00330314652499,0.996221993328321,1.01043463261024
"s__Adlercreutzia_equolifaciens","Group","s__Adlercreutzia_equolifaciens",1,1,0.0005875,0.00211866666666667,-0.00115226664280368,0.00126352160363388,0.413385599749764,0.572444958861525,0.999201628493547,0.997487889652069,1.00091831163224
"s__GGB9350_SGB14317","Group","s__GGB9350_SGB14317",2,0,0.0062045,0,0.00305169843408343,0.00337162855420165,0.41659381619097,0.572444958861525,1.0021175149404,0.997537724292208,1.0067183318434
"s__Pyramidobacter_piscolens","Group","s__Pyramidobacter_piscolens",1,0,0.00841893333333333,0,0.00423696821529044,0.00469336446278153,0.417703117841474,0.572444958861525,1.00294115931953,0.996566493587385,1.0093566014208
"s__Bilophila_SGB15450","Group","s__Bilophila_SGB15450",1,0,0.0001062,0,-0.000258842337237032,0.000289904655759317,0.422397101824411,0.572444958861525,0.999820600257793,0.999426893126501,1.00021446248328
"s__GGB9642_SGB15119","Group","s__GGB9642_SGB15119",1,0,0.00164543333333333,0,0.000582022640252699,0.000652438649057862,0.422768983379383,0.572444958861525,1.00040350873987,0.999517161376455,1.00129064209444
"s__GGB1590_SGB2181","Group","s__GGB1590_SGB2181",1,0,0.00158523333333333,0,0.000549208758274193,0.000619749229207994,0.425584958659384,0.572700746837936,1.00038075497112,0.999538817115346,1.0012234020133
"s__GGB9770_SGB15390","Group","s__GGB9770_SGB15390",2,0,0.00179336666666667,0,0.000663572864409823,0.000773740344636661,0.439450524862278,0.586501135347233,1.00046005945497,0.99940894916026,1.00151227523592
"s__GGB1405_SGB1928","Group","s__GGB1405_SGB1928",1,0,0.0054769,0,0.00265844254994123,0.00311737497359143,0.441833410646957,0.586501135347233,1.00184439075829,0.997610384285977,1.00609636698222
"s__GGB9635_SGB15103","Group","s__GGB9635_SGB15103",1,0,0.0051672,0,0.00249147863300243,0.0029508378700663,0.446024880562848,0.586501135347233,1.0017284534465,0.997720647765519,1.0057523583296
"s__GGB2998_SGB3988","Group","s__GGB2998_SGB3988",1,0,0.000127566666666667,0,-0.000247143434141372,0.000293111963073144,0.446601781961655,0.586501135347233,0.999828707897599,0.999430642698495,1.00022693164287
"s__Dysosmobacter_sp_Marseille_Q4140","Group","s__Dysosmobacter_sp_Marseille_Q4140",1,0,0.0011582,0,0.000316271508795284,0.00038829950885872,0.461068138120857,0.601304119548714,1.00021924673567,0.999691738755711,1.00074703306609
"s__GGB3304_SGB4367","Group","s__GGB3304_SGB4367",1,1,0.00496183333333333,0.000174333333333333,0.00228521678846263,0.00282136362670216,0.463390330661395,0.601304119548714,1.00158524675119,0.997753503057057,1.00543170576297
"s__GGB4684_SGB6478","Group","s__GGB4684_SGB6478",1,0,0.00385816666666667,0,0.00178406761651634,0.0022459384570665,0.471456688050175,0.602043134180654,1.00123738636989,0.998187005719474,1.00429708874264
"s__GGB6648_SGB9389","Group","s__GGB6648_SGB9389",1,0,0.00370646666666667,0,0.00170191033767579,0.00214558979977171,0.472049580610613,0.602043134180654,1.00118037044161,0.998266248379002,1.00410299936038
"s__Klebsiella_variicola","Group","s__Klebsiella_variicola",1,0,0.0010869,0,0.000277349964436124,0.000349819112052207,0.472244843783907,0.602043134180654,1.00019226282601,0.999717031171909,1.00066772038915
"s__Faecalibacterium_SGB15346","Group","s__Faecalibacterium_SGB15346",1,0,0.0036061,0,0.00164753369910647,0.00211008283720451,0.478550204025374,0.606163152002081,1.00114263564967,0.998276777773803,1.0040167208444
"s__Klebsiella_quasipneumoniae","Group","s__Klebsiella_quasipneumoniae",1,0,0.0034471,0,0.00156135753740195,0.00202438177964099,0.483575821939405,0.606163152002081,1.00108283641937,0.998333379666624,1.00383986530443
"s__GGB6512_SGB9197","Group","s__GGB6512_SGB9197",1,0,0.000154233333333333,0,-0.000232543670586835,0.000307999685126755,0.492259338624275,0.606163152002081,0.9998388260003,0.999420542298689,1.00025728476461
"s__GGB9712_SGB15244","Group","s__GGB9712_SGB15244",1,0,0.0009875,0,0.000223075223104291,0.000296351957859783,0.493483507456814,0.606163152002081,1.00015463591685,0.999752040281915,1.00055739367523
"s__Ruminococcus_callidus","Group","s__Ruminococcus_callidus",1,0,0.00297426666666667,0,0.00130484673704838,0.00175127881308983,0.497619228108152,0.606163152002081,1.00090485997585,0.998526305607985,1.00328908021435
"s__Bacteroides_stercoris","Group","s__Bacteroides_stercoris",1,1,0.0054589,0.000617966666666667,0.0023105817364039,0.00310792964067248,0.498505895148977,0.606163152002081,1.00160285641938,0.99738266918579,1.0058409003702
"s__GGB9701_SGB15218","Group","s__GGB9701_SGB15218",1,0,0.000941866666666667,0,0.000198152943348377,0.000271907740216478,0.506529088402896,0.606163152002081,1.00013735858683,0.999767970793276,1.00050688285939
"s__GGB9699_SGB15216","Group","s__GGB9699_SGB15216",1,0,0.00277386666666667,0,0.00119602144669305,0.00164343938635921,0.507076018892523,0.606163152002081,1.00082936262481,0.998597278689113,1.00306643575765
"s__Cloacibacillus_porcorum","Group","s__Cloacibacillus_porcorum",1,0,0.00274946666666667,0,0.00118276683077696,0.0016484652652208,0.512737895052166,0.606163152002081,1.00082016764771,0.998581285882096,1.00306406912642
"s__GGB9758_SGB15368","Group","s__GGB9758_SGB15368",1,0,0.0026453,0,0.00112617038418194,0.00157429261014813,0.513927886513604,0.606163152002081,1.00078090657552,0.998642739430194,1.00292365169309
"s__GGB9424_SGB14794","Group","s__GGB9424_SGB14794",1,0,0.000918966666666667,0,0.000185645009546835,0.000259673989700329,0.514169062536093,0.606163152002081,1.00012868759449,0.999775919528834,1.00048158013335
"s__Prevotella_lascolaii","Group","s__Prevotella_lascolaii",1,0,0.0001749,0,-0.000221229656790079,0.000310069999898635,0.514965073933877,0.606163152002081,0.999846667043839,0.999425569009267,1.00026794250389
"s__GGB9767_SGB15385","Group","s__GGB9767_SGB15385",1,0,0.000500233333333333,0,-4.32175101993436e-05,6.06544011576846e-05,0.515500246362373,0.606163152002081,0.999970044353334,0.999887647059503,1.00005244843724
"s__Odoribacter_splanchnicus","Group","s__Odoribacter_splanchnicus",1,0,0.000171066666666667,0,-0.000223328170903261,0.000314614497640014,0.51698917813208,0.606163152002081,0.999845212688791,0.999417944829944,1.00027266321178
"s__GGB9634_SGB15093","Group","s__GGB9634_SGB15093",1,0,0.0001712,0,-0.000223255178703163,0.00031466741311373,0.517185074643978,0.606163152002081,0.999845263275299,0.999417923547383,1.00027278572882
"s__GGB33512_SGB15201","Group","s__GGB33512_SGB15201",1,0,0.000893866666666667,0,0.000171934455770365,0.000246295626382271,0.523578737548735,0.610375212757349,1.00011918298499,0.999784589614146,1.00045388833267
"s__GGB51647_SGB4348","Group","s__GGB51647_SGB4348",1,1,0.00527446666666667,0.000829466666666667,0.00209557170990676,0.00302486529323882,0.526566861062159,0.610593487827398,1.00145359506902,0.997346579556904,1.00557752303341
"s__Methanobrevibacter_smithii","Group","s__Methanobrevibacter_smithii",1,0,0.000192866666666667,0,-0.000211394333827043,0.000323369751782233,0.54896547486921,0.630201354216794,0.999853483348135,0.999414324238382,1.00029283543163
"s__GGB45495_SGB63167","Group","s__GGB45495_SGB63167",1,0,0.000193066666666667,0,-0.000211284852694189,0.000323451013723068,0.549258061014637,0.630201354216794,0.999853559223557,0.999414289745224,1.00029302177265
"s__GGB35551_SGB53794","Group","s__GGB35551_SGB53794",1,0,0.00203093333333333,0,0.000792011714199739,0.00126214787421098,0.564365377951673,0.644144776929135,1.00054913140414,0.998834945578861,1.0022662590899
"s__Alistipes_senegalensis","Group","s__Alistipes_senegalensis",2,0,0.00117066666666667,0,0.000323582917476026,0.000600546889494946,0.618603367411571,0.701347240691101,1.00022431574194,0.999408581472683,1.00104071582737
"s__GGB1662_SGB2276","Group","s__GGB1662_SGB2276",1,0,0.0002481,0,-0.000181161788482206,0.000338530479786738,0.620917511254048,0.701347240691101,0.999874436100895,0.999414682744813,1.00033440095392
"s__Faecalibacterium_prausnitzii","Group","s__Faecalibacterium_prausnitzii",1,2,0.00627553333333333,0.0100209666666667,-0.00235815201309774,0.00452526745823086,0.629810652399626,0.70660509686152,0.998366788724237,0.992247772594784,1.00452353974152
"s__Prevotella_sp_P4_51","Group","s__Prevotella_sp_P4_51",1,0,0.000250533333333333,0,-0.000179829993041968,0.000347440489487456,0.632055017834846,0.70660509686152,0.999875359115663,0.999403507624123,1.00034743338392
"s__Parabacteroides_merdae","Group","s__Parabacteroides_merdae",1,0,0.00136233333333333,0,0.00042765881055821,0.000888901823861164,0.655572697262491,0.726741036951331,1.00029647443864,0.999089211524332,1.00150519616537
"s__GGB9634_SGB15097","Group","s__GGB9634_SGB15097",1,0,0.000269166666666667,0,-0.000169632045860877,0.000355468134353855,0.658117877432845,0.726741036951331,0.999882426937933,0.999399672493579,1.00036541457413
"s__Barnesiella_intestinihominis","Group","s__Barnesiella_intestinihominis",1,0,0.0002759,0,-0.000165947060151205,0.000349933568022011,0.660067547322768,0.726741036951331,0.99988498087834,0.99940973982178,1.00036044792235
"s__Candidatus_Cibionibacter_quicibialis","Group","s__Candidatus_Cibionibacter_quicibialis",2,1,0.0028591,0.00118306666666667,0.000597948521572334,0.00130042015991078,0.669533392055827,0.733458690794826,1.00041455223489,0.998648670369043,1.0021835566591
"s__Megasphaera_stantonii","Group","s__Megasphaera_stantonii",1,0,0.0002921,0,-0.000157081508168167,0.000356709272214586,0.682425157573755,0.743843421755393,0.999891125322773,0.999406681506987,1.0003758039637
"s__GGB3278_SGB4328","Group","s__GGB3278_SGB4328",1,0,0.000294833333333333,0,-0.0001555857167391,0.000357861471386825,0.686160249434183,0.744193703366427,0.999892162014041,0.999406153282859,1.00037840709006
"s__GGB1096_SGB1408","Group","s__GGB1096_SGB1408",1,0,0.00113,0,0.0003008785658625,0.000767045424944773,0.714872209132921,0.767841231872774,1.00020857487833,0.999166816687375,1.0012514192344
"s__Alistipes_ihumii","Group","s__Alistipes_ihumii",2,0,0.000995133333333333,0,0.000227525111732871,0.000580336257114402,0.71500811958795,0.767841231872774,1.00015772082633,0.999369480707413,1.00094658265973
"s__GGB9532_SGB14933","Group","s__GGB9532_SGB14933",1,0,0.0010312,0,0.000246938439887743,0.00071571909034227,0.747456965805434,0.798626406986666,1.00017117933289,0.999199132157051,1.00114417214177
"s__GGB9786_SGB15409","Group","s__GGB9786_SGB15409",1,0,0.000655766666666667,0,4.18241442227487e-05,0.000123033640887565,0.751001896478287,0.798626406986666,1.00002899070787,0.99986185020547,1.00019615915008
"s__GGB9715_SGB15265","Group","s__GGB9715_SGB15265",1,0,0.00101076666666667,0,0.000235780817532006,0.000720536968141004,0.759903321321838,0.804169534214372,1.00016344416444,0.999184864403377,1.00114298232509
"s__GGB1689_SGB2321","Group","s__GGB1689_SGB2321",1,0,0.0009174,0,0.00018478926805612,0.000657100864658853,0.792490078914837,0.834603078277461,1.00012809436353,0.999235661896553,1.00102132387543
"s__Dysosmobacter_sp_BX15","Group","s__Dysosmobacter_sp_BX15",1,0,0.000907,0,0.000179108499449003,0.000666706970204377,0.801488263764031,0.840021353368071,1.00012415625816,0.999218686864545,1.00103044616767
"s__Parabacteroides_distasonis","Group","s__Parabacteroides_distasonis",2,0,0.000441166666666667,0,-7.54473983732943e-05,0.000377447479226859,0.851318609092607,0.887978262115733,0.999947705215957,0.999435075232826,1.00046059813713
"s__Bacteroides_fragilis","Group","s__Bacteroides_fragilis",2,0,0.000712933333333333,0,7.32256013057467e-05,0.000405420786420196,0.865450603621201,0.898420150425818,1.0000507574072,0.999500089217052,1.00060172898448
"s__Gemmiger_SGB15295","Group","s__Gemmiger_SGB15295",2,1,0.0139988,0.0171542666666667,-0.00194094887704518,0.0112659394688411,0.871579331239722,0.90049428535668,0.998655541353676,0.983486946799325,1.01405808538901
"s__Kluyvera_genomosp_3","Group","s__Kluyvera_genomosp_3",1,0,0.0004643,0,-6.28705733995408e-05,0.000433396779692868,0.891675841225721,0.916911949939657,0.99995642238884,0.999367822146404,1.00054536930068
"s__GGB9730_SGB15291","Group","s__GGB9730_SGB15291",2,1,0.0009087,0.000187133333333333,7.77135464890268e-05,0.000591053466986048,0.901741229900764,0.922908864405477,1.00005386837649,0.999251160839101,1.00085722073614
"s__GGB4248_SGB5746","Group","s__GGB4248_SGB5746",1,0,0.0004866,0,-5.06737572913044e-05,0.00044381856890504,0.914599221602697,0.931694534156018,0.999964876244859,0.999362121243371,1.00056799479184
"s__Vescimonas_SGB15087","Group","s__Vescimonas_SGB15087",1,0,0.000594366666666667,0,8.2569243478898e-06,9.42690391861862e-05,0.934413085683472,0.947451407809288,1.00000572328021,0.999877659803301,1.00013380315938
"s__Alistipes_SGB2302","Group","s__Alistipes_SGB2302",1,0,0.0006361,0,3.107310062765e-05,0.000528905062043426,0.955969257133278,0.964820824328956,1.00002153846404,0.999303227347997,1.00074036591071
"s__GGB9721_SGB15275","Group","s__GGB9721_SGB15275",1,0,0.000534333333333333,0,-2.45691104912597e-05,0.000478691997604075,0.961526979681434,0.9659579795878,0.999982970135344,0.999332856772752,1.00063350642747
"s__Ruminococcaceae_bacterium_D5","Group","s__Ruminococcaceae_bacterium_D5",1,0,0.0006172,0,2.0740568930999e-05,0.000519497066333554,0.970066696570047,0.970066696570047,1.00001437637022,0.999308842889462,1.00072040797274
